{
  "project_info": {
    "project_number": "668990486130",
    "project_id": "softawre-engineering-app",
    "storage_bucket": "softawre-engineering-app.appspot.com"
  },
  "client": [
    {
      "client_info": {
        "mobilesdk_app_id": "1:668990486130:android:5f0cf899a218e18182f4eb",
        "android_client_info": {
          "package_name": "com.example.checkfuel"
        }
      },
      "oauth_client": [
        {
          "client_id": "668990486130-32gprtfc44sihr0pvcnid7vm2m2o7k3c.apps.googleusercontent.com",
          "client_type": 3
        }
      ],
      "api_key": [
        {
          "current_key": "AIzaSyCtLtsLo-ywCKjnS4MBFSc11BJDQmd2ogc"
        }
      ],
      "services": {
        "appinvite_service": {
          "other_platform_oauth_client": [
            {
              "client_id": "668990486130-32gprtfc44sihr0pvcnid7vm2m2o7k3c.apps.googleusercontent.com",
              "client_type": 3
            }
          ]
        }
      }
    }
  ],
  "configuration_version": "1"
}